<?xml version="1.0" encoding="UTF-8" standalone="yes"?>
<?mso-application progid="Word.Document"?>
<w:wordDocument xmlns:aml="http://schemas.microsoft.com/aml/2001/core" xmlns:dt="uuid:C2F41010-65B3-11d1-A29F-00AA00C14882" xmlns:ve="http://schemas.openxmlformats.org/markup-compatibility/2006" xmlns:o="urn:schemas-microsoft-com:office:office" xmlns:v="urn:schemas-microsoft-com:vml" xmlns:w10="urn:schemas-microsoft-com:office:word" xmlns:w="http://schemas.microsoft.com/office/word/2003/wordml" xmlns:wx="http://schemas.microsoft.com/office/word/2003/auxHint" xmlns:wsp="http://schemas.microsoft.com/office/word/2003/wordml/sp2" xmlns:sl="http://schemas.microsoft.com/schemaLibrary/2003/core" xmlns:ns0="urn:oasis:names:tc:opendocument:xmlns:datastyle:1.0" xmlns:ns1="urn:oasis:names:tc:opendocument:xmlns:xsl-fo-compatible:1.0" w:macrosPresent="no" w:embeddedObjPresent="no" w:ocxPresent="no" xml:space="preserve"><w:ignoreSubtree w:val="http://schemas.microsoft.com/office/word/2003/wordml/sp2"/><o:DocumentProperties><o:Author>MC</o:Author><o:LastAuthor>karpovich</o:LastAuthor><o:Revision>3</o:Revision><o:TotalTime>1</o:TotalTime><o:Created>2015-12-07T13:45:00Z</o:Created><o:LastSaved>2016-01-11T12:53:00Z</o:LastSaved><o:Pages>1</o:Pages><o:Words>113</o:Words><o:Characters>646</o:Characters><o:Company>Microsoft</o:Company><o:Lines>5</o:Lines><o:Paragraphs>1</o:Paragraphs><o:CharactersWithSpaces>758</o:CharactersWithSpaces><o:Version>12</o:Version></o:DocumentProperties><o:CustomDocumentProperties><o:Editor dt:dt="string">OpenOffice.org/3.3$Win32 OpenOffice.org_project/330m20$Build-9567</o:Editor><o:Language dt:dt="string"/><o:AppVersion dt:dt="string">12.0000</o:AppVersion><o:Company dt:dt="string">Microsoft</o:Company><o:DocSecurity dt:dt="string">0</o:DocSecurity><o:HyperlinksChanged dt:dt="string">false</o:HyperlinksChanged><o:LinksUpToDate dt:dt="string">false</o:LinksUpToDate><o:ScaleCrop dt:dt="string">false</o:ScaleCrop><o:ShareDoc dt:dt="string">false</o:ShareDoc></o:CustomDocumentProperties><w:fonts><w:defaultFonts w:ascii="Times New Roman" w:fareast="Times New Roman" w:h-ansi="Times New Roman" w:cs="Times New Roman"/><w:font w:name="Times New Roman"><w:panose-1 w:val="02020603050405020304"/><w:charset w:val="CC"/><w:family w:val="Roman"/><w:pitch w:val="variable"/><w:sig w:usb-0="E0002AFF" w:usb-1="C0007841" w:usb-2="00000009" w:usb-3="00000000" w:csb-0="000001FF" w:csb-1="00000000"/></w:font><w:font w:name="Arial"><w:panose-1 w:val="020B0604020202020204"/><w:charset w:val="CC"/><w:family w:val="Swiss"/><w:pitch w:val="variable"/><w:sig w:usb-0="E0002AFF" w:usb-1="C0007843" w:usb-2="00000009" w:usb-3="00000000" w:csb-0="000001FF" w:csb-1="00000000"/></w:font><w:font w:name="SimSun"><w:altName w:val="宋体"/><w:panose-1 w:val="02010600030101010101"/><w:charset w:val="86"/><w:family w:val="auto"/><w:pitch w:val="variable"/><w:sig w:usb-0="00000003" w:usb-1="288F0000" w:usb-2="00000016" w:usb-3="00000000" w:csb-0="00040001" w:csb-1="00000000"/></w:font><w:font w:name="Mangal"><w:panose-1 w:val="02040503050203030202"/><w:charset w:val="00"/><w:family w:val="Roman"/><w:pitch w:val="variable"/><w:sig w:usb-0="00008003" w:usb-1="00000000" w:usb-2="00000000" w:usb-3="00000000" w:csb-0="00000001" w:csb-1="00000000"/></w:font><w:font w:name="Cambria Math"><w:panose-1 w:val="02040503050406030204"/><w:charset w:val="CC"/><w:family w:val="Roman"/><w:pitch w:val="variable"/><w:sig w:usb-0="E00002FF" w:usb-1="420024FF" w:usb-2="00000000" w:usb-3="00000000" w:csb-0="0000019F" w:csb-1="00000000"/></w:font><w:font w:name="Mangal1"><w:charset w:val="00"/><w:family w:val="auto"/><w:pitch w:val="default"/><w:sig w:usb-0="00000000" w:usb-1="00000000" w:usb-2="00000000" w:usb-3="00000000" w:csb-0="00000000" w:csb-1="00000000"/></w:font><w:font w:name="Arial1"><w:altName w:val="Arial"/><w:charset w:val="00"/><w:family w:val="Swiss"/><w:pitch w:val="variable"/><w:sig w:usb-0="00000000" w:usb-1="00000000" w:usb-2="00000000" w:usb-3="00000000" w:csb-0="00000000" w:csb-1="00000000"/></w:font><w:font w:name="Microsoft YaHei"><w:panose-1 w:val="020B0503020204020204"/><w:charset w:val="86"/><w:family w:val="Swiss"/><w:pitch w:val="variable"/><w:sig w:usb-0="80000287" w:usb-1="280F3C52" w:usb-2="00000016" w:usb-3="00000000" w:csb-0="0004001F" w:csb-1="00000000"/></w:font><w:font w:name="@Microsoft YaHei"><w:panose-1 w:val="020B0503020204020204"/><w:charset w:val="86"/><w:family w:val="Swiss"/><w:pitch w:val="variable"/><w:sig w:usb-0="80000287" w:usb-1="280F3C52" w:usb-2="00000016" w:usb-3="00000000" w:csb-0="0004001F" w:csb-1="00000000"/></w:font><w:font w:name="@SimSun"><w:panose-1 w:val="02010600030101010101"/><w:charset w:val="86"/><w:family w:val="auto"/><w:pitch w:val="variable"/><w:sig w:usb-0="00000003" w:usb-1="288F0000" w:usb-2="00000016" w:usb-3="00000000" w:csb-0="00040001" w:csb-1="00000000"/></w:font></w:fonts><w:lists><w:listDef w:listDefId="0"><w:lsid w:val="471650B8"/><w:plt w:val="Multilevel"/><w:tmpl w:val="057807C4"/><w:lvl w:ilvl="0"><w:start w:val="1"/><w:nfc w:val="255"/><w:suff w:val="Nothing"/><w:lvlText w:val="%1"/><w:lvlJc w:val="left"/></w:lvl><w:lvl w:ilvl="1"><w:start w:val="1"/><w:nfc w:val="255"/><w:suff w:val="Nothing"/><w:lvlText w:val="%2"/><w:lvlJc w:val="left"/></w:lvl><w:lvl w:ilvl="2"><w:start w:val="1"/><w:nfc w:val="255"/><w:suff w:val="Nothing"/><w:lvlText w:val="%3"/><w:lvlJc w:val="left"/></w:lvl><w:lvl w:ilvl="3"><w:start w:val="1"/><w:nfc w:val="255"/><w:suff w:val="Nothing"/><w:lvlText w:val="%4"/><w:lvlJc w:val="left"/></w:lvl><w:lvl w:ilvl="4"><w:start w:val="1"/><w:nfc w:val="255"/><w:suff w:val="Nothing"/><w:lvlText w:val="%5"/><w:lvlJc w:val="left"/></w:lvl><w:lvl w:ilvl="5"><w:start w:val="1"/><w:nfc w:val="255"/><w:suff w:val="Nothing"/><w:lvlText w:val="%6"/><w:lvlJc w:val="left"/></w:lvl><w:lvl w:ilvl="6"><w:start w:val="1"/><w:nfc w:val="255"/><w:suff w:val="Nothing"/><w:lvlText w:val="%7"/><w:lvlJc w:val="left"/></w:lvl><w:lvl w:ilvl="7"><w:start w:val="1"/><w:nfc w:val="255"/><w:suff w:val="Nothing"/><w:lvlText w:val="%8"/><w:lvlJc w:val="left"/></w:lvl><w:lvl w:ilvl="8"><w:start w:val="1"/><w:nfc w:val="255"/><w:suff w:val="Nothing"/><w:lvlText w:val="%9"/><w:lvlJc w:val="left"/></w:lvl></w:listDef><w:list w:ilfo="1"><w:ilst w:val="0"/></w:list></w:lists><w:styles><w:versionOfBuiltInStylenames w:val="7"/><w:latentStyles w:defLockedState="off" w:latentStyleCount="267"><w:lsdException w:name="Normal"/><w:lsdException w:name="heading 1"/><w:lsdException w:name="heading 2"/><w:lsdException w:name="heading 3"/><w:lsdException w:name="heading 4"/><w:lsdException w:name="heading 5"/><w:lsdException w:name="heading 6"/><w:lsdException w:name="heading 7"/><w:lsdException w:name="heading 8"/><w:lsdException w:name="heading 9"/><w:lsdException w:name="toc 1"/><w:lsdException w:name="toc 2"/><w:lsdException w:name="toc 3"/><w:lsdException w:name="toc 4"/><w:lsdException w:name="toc 5"/><w:lsdException w:name="toc 6"/><w:lsdException w:name="toc 7"/><w:lsdException w:name="toc 8"/><w:lsdException w:name="toc 9"/><w:lsdException w:name="caption"/><w:lsdException w:name="Title"/><w:lsdException w:name="Default Paragraph Font"/><w:lsdException w:name="Subtitle"/><w:lsdException w:name="Strong"/><w:lsdException w:name="Emphasis"/><w:lsdException w:name="Table Grid"/><w:lsdException w:name="Placeholder Text"/><w:lsdException w:name="No Spacing"/><w:lsdException w:name="Light Shading"/><w:lsdException w:name="Light List"/><w:lsdException w:name="Light Grid"/><w:lsdException w:name="Medium Shading 1"/><w:lsdException w:name="Medium Shading 2"/><w:lsdException w:name="Medium List 1"/><w:lsdException w:name="Medium List 2"/><w:lsdException w:name="Medium Grid 1"/><w:lsdException w:name="Medium Grid 2"/><w:lsdException w:name="Medium Grid 3"/><w:lsdException w:name="Dark List"/><w:lsdException w:name="Colorful Shading"/><w:lsdException w:name="Colorful List"/><w:lsdException w:name="Colorful Grid"/><w:lsdException w:name="Light Shading Accent 1"/><w:lsdException w:name="Light List Accent 1"/><w:lsdException w:name="Light Grid Accent 1"/><w:lsdException w:name="Medium Shading 1 Accent 1"/><w:lsdException w:name="Medium Shading 2 Accent 1"/><w:lsdException w:name="Medium List 1 Accent 1"/><w:lsdException w:name="Revision"/><w:lsdException w:name="List Paragraph"/><w:lsdException w:name="Quote"/><w:lsdException w:name="Intense Quote"/><w:lsdException w:name="Medium List 2 Accent 1"/><w:lsdException w:name="Medium Grid 1 Accent 1"/><w:lsdException w:name="Medium Grid 2 Accent 1"/><w:lsdException w:name="Medium Grid 3 Accent 1"/><w:lsdException w:name="Dark List Accent 1"/><w:lsdException w:name="Colorful Shading Accent 1"/><w:lsdException w:name="Colorful List Accent 1"/><w:lsdException w:name="Colorful Grid Accent 1"/><w:lsdException w:name="Light Shading Accent 2"/><w:lsdException w:name="Light List Accent 2"/><w:lsdException w:name="Light Grid Accent 2"/><w:lsdException w:name="Medium Shading 1 Accent 2"/><w:lsdException w:name="Medium Shading 2 Accent 2"/><w:lsdException w:name="Medium List 1 Accent 2"/><w:lsdException w:name="Medium List 2 Accent 2"/><w:lsdException w:name="Medium Grid 1 Accent 2"/><w:lsdException w:name="Medium Grid 2 Accent 2"/><w:lsdException w:name="Medium Grid 3 Accent 2"/><w:lsdException w:name="Dark List Accent 2"/><w:lsdException w:name="Colorful Shading Accent 2"/><w:lsdException w:name="Colorful List Accent 2"/><w:lsdException w:name="Colorful Grid Accent 2"/><w:lsdException w:name="Light Shading Accent 3"/><w:lsdException w:name="Light List Accent 3"/><w:lsdException w:name="Light Grid Accent 3"/><w:lsdException w:name="Medium Shading 1 Accent 3"/><w:lsdException w:name="Medium Shading 2 Accent 3"/><w:lsdException w:name="Medium List 1 Accent 3"/><w:lsdException w:name="Medium List 2 Accent 3"/><w:lsdException w:name="Medium Grid 1 Accent 3"/><w:lsdException w:name="Medium Grid 2 Accent 3"/><w:lsdException w:name="Medium Grid 3 Accent 3"/><w:lsdException w:name="Dark List Accent 3"/><w:lsdException w:name="Colorful Shading Accent 3"/><w:lsdException w:name="Colorful List Accent 3"/><w:lsdException w:name="Colorful Grid Accent 3"/><w:lsdException w:name="Light Shading Accent 4"/><w:lsdException w:name="Light List Accent 4"/><w:lsdException w:name="Light Grid Accent 4"/><w:lsdException w:name="Medium Shading 1 Accent 4"/><w:lsdException w:name="Medium Shading 2 Accent 4"/><w:lsdException w:name="Medium List 1 Accent 4"/><w:lsdException w:name="Medium List 2 Accent 4"/><w:lsdException w:name="Medium Grid 1 Accent 4"/><w:lsdException w:name="Medium Grid 2 Accent 4"/><w:lsdException w:name="Medium Grid 3 Accent 4"/><w:lsdException w:name="Dark List Accent 4"/><w:lsdException w:name="Colorful Shading Accent 4"/><w:lsdException w:name="Colorful List Accent 4"/><w:lsdException w:name="Colorful Grid Accent 4"/><w:lsdException w:name="Light Shading Accent 5"/><w:lsdException w:name="Light List Accent 5"/><w:lsdException w:name="Light Grid Accent 5"/><w:lsdException w:name="Medium Shading 1 Accent 5"/><w:lsdException w:name="Medium Shading 2 Accent 5"/><w:lsdException w:name="Medium List 1 Accent 5"/><w:lsdException w:name="Medium List 2 Accent 5"/><w:lsdException w:name="Medium Grid 1 Accent 5"/><w:lsdException w:name="Medium Grid 2 Accent 5"/><w:lsdException w:name="Medium Grid 3 Accent 5"/><w:lsdException w:name="Dark List Accent 5"/><w:lsdException w:name="Colorful Shading Accent 5"/><w:lsdException w:name="Colorful List Accent 5"/><w:lsdException w:name="Colorful Grid Accent 5"/><w:lsdException w:name="Light Shading Accent 6"/><w:lsdException w:name="Light List Accent 6"/><w:lsdException w:name="Light Grid Accent 6"/><w:lsdException w:name="Medium Shading 1 Accent 6"/><w:lsdException w:name="Medium Shading 2 Accent 6"/><w:lsdException w:name="Medium List 1 Accent 6"/><w:lsdException w:name="Medium List 2 Accent 6"/><w:lsdException w:name="Medium Grid 1 Accent 6"/><w:lsdException w:name="Medium Grid 2 Accent 6"/><w:lsdException w:name="Medium Grid 3 Accent 6"/><w:lsdException w:name="Dark List Accent 6"/><w:lsdException w:name="Colorful Shading Accent 6"/><w:lsdException w:name="Colorful List Accent 6"/><w:lsdException w:name="Colorful Grid Accent 6"/><w:lsdException w:name="Subtle Emphasis"/><w:lsdException w:name="Intense Emphasis"/><w:lsdException w:name="Subtle Reference"/><w:lsdException w:name="Intense Reference"/><w:lsdException w:name="Book Title"/><w:lsdException w:name="Bibliography"/><w:lsdException w:name="TOC Heading"/></w:latentStyles><w:style w:type="paragraph" w:default="on" w:styleId="a"><w:name w:val="Normal"/><wx:uiName wx:val="Обычный"/><w:rPr><wx:font wx:val="Times New Roman"/><w:lang w:val="RU" w:fareast="RU" w:bidi="AR-SA"/></w:rPr></w:style><w:style w:type="character" w:default="on" w:styleId="a0"><w:name w:val="Default Paragraph Font"/><wx:uiName wx:val="Основной шрифт абзаца"/></w:style><w:style w:type="table" w:default="on" w:styleId="a1"><w:name w:val="Normal Table"/><wx:uiName wx:val="Обычная таблица"/><w:rPr><wx:font wx:val="Times New Roman"/><w:lang w:val="RU" w:fareast="RU" w:bidi="AR-SA"/></w:rPr><w:tblPr><w:tblInd w:w="0" w:type="dxa"/><w:tblCellMar><w:top w:w="0" w:type="dxa"/><w:left w:w="108" w:type="dxa"/><w:bottom w:w="0" w:type="dxa"/><w:right w:w="108" w:type="dxa"/></w:tblCellMar></w:tblPr></w:style><w:style w:type="list" w:default="on" w:styleId="a2"><w:name w:val="No List"/><wx:uiName wx:val="Нет списка"/></w:style><w:style w:type="paragraph" w:styleId="default-paragraph-style"><w:name w:val="default-paragraph-style"/><w:rsid w:val="005B5547"/><w:pPr><w:widowControl w:val="off"/><w:adjustRightInd w:val="off"/></w:pPr><w:rPr><w:rFonts w:ascii="Arial" w:fareast="SimSun" w:h-ansi="Arial" w:cs="Mangal"/><wx:font wx:val="Arial"/><w:lang w:val="RU" w:fareast="RU" w:bidi="AR-SA"/></w:rPr></w:style><w:style w:type="table" w:styleId="default-table-style"><w:name w:val="default-table-style"/><w:rsid w:val="005B5547"/><w:rPr><wx:font wx:val="Times New Roman"/><w:lang w:val="RU" w:fareast="RU" w:bidi="AR-SA"/></w:rPr><w:tblPr><w:tblInd w:w="0" w:type="auto"/><w:tblCellMar><w:top w:w="0" w:type="dxa"/><w:left w:w="0" w:type="dxa"/><w:bottom w:w="0" w:type="dxa"/><w:right w:w="0" w:type="dxa"/></w:tblCellMar></w:tblPr></w:style><w:style w:type="paragraph" w:styleId="Standard"><w:name w:val="Standard"/><w:basedOn w:val="default-paragraph-style"/><w:rsid w:val="005B5547"/><w:pPr><w:widowControl/></w:pPr><w:rPr><wx:font wx:val="Arial"/></w:rPr></w:style><w:style w:type="paragraph" w:styleId="a3"><w:name w:val="Title"/><wx:uiName wx:val="Название"/><w:basedOn w:val="Standard"/><w:next w:val="Text20body"/><w:rsid w:val="005B5547"/><w:pPr><w:widowControl w:val="off"/><w:spacing w:before="239" w:after="120"/></w:pPr><w:rPr><w:rFonts w:ascii="Arial1" w:fareast="Microsoft YaHei" w:h-ansi="Arial1"/><wx:font wx:val="Arial1"/><w:sz w:val="28"/></w:rPr></w:style><w:style w:type="paragraph" w:styleId="Text20body"><w:name w:val="Text_20_body"/><w:basedOn w:val="Standard"/><w:rsid w:val="005B5547"/><w:pPr><w:widowControl w:val="off"/><w:spacing w:after="120"/></w:pPr><w:rPr><wx:font wx:val="Arial"/></w:rPr></w:style><w:style w:type="paragraph" w:styleId="a4"><w:name w:val="List"/><wx:uiName wx:val="Список"/><w:basedOn w:val="Text20body"/><w:rsid w:val="005B5547"/><w:rPr><w:rFonts w:cs="Mangal1"/><wx:font wx:val="Arial"/></w:rPr></w:style><w:style w:type="paragraph" w:styleId="Caption"><w:name w:val="Caption"/><w:basedOn w:val="Standard"/><w:rsid w:val="005B5547"/><w:pPr><w:widowControl w:val="off"/><w:supressLineNumbers/><w:spacing w:before="120" w:after="120"/></w:pPr><w:rPr><w:rFonts w:cs="Mangal1"/><wx:font wx:val="Arial"/><w:i/></w:rPr></w:style><w:style w:type="paragraph" w:styleId="Index"><w:name w:val="Index"/><w:basedOn w:val="Standard"/><w:rsid w:val="005B5547"/><w:pPr><w:widowControl w:val="off"/><w:supressLineNumbers/></w:pPr><w:rPr><w:rFonts w:cs="Mangal1"/><wx:font wx:val="Arial"/></w:rPr></w:style><w:style w:type="character" w:styleId="Default20Paragraph20Font"><w:name w:val="Default_20_Paragraph_20_Font"/><w:rsid w:val="005B5547"/></w:style><w:style w:type="paragraph" w:styleId="P1"><w:name w:val="P1"/><w:basedOn w:val="Standard"/><w:hidden/><w:rsid w:val="005B5547"/><w:pPr><w:widowControl w:val="off"/><w:jc w:val="center"/></w:pPr><w:rPr><wx:font wx:val="Arial"/></w:rPr></w:style><w:style w:type="paragraph" w:styleId="P2"><w:name w:val="P2"/><w:basedOn w:val="Standard"/><w:hidden/><w:rsid w:val="005B5547"/><w:pPr><w:widowControl w:val="off"/><w:jc w:val="center"/></w:pPr><w:rPr><wx:font wx:val="Arial"/><w:sz w:val="28"/></w:rPr></w:style><w:style w:type="paragraph" w:styleId="P3"><w:name w:val="P3"/><w:basedOn w:val="Standard"/><w:hidden/><w:rsid w:val="005B5547"/><w:pPr><w:widowControl w:val="off"/><w:jc w:val="distribute"/></w:pPr><w:rPr><wx:font wx:val="Arial"/></w:rPr></w:style><w:style w:type="paragraph" w:styleId="P4"><w:name w:val="P4"/><w:basedOn w:val="Standard"/><w:hidden/><w:rsid w:val="005B5547"/><w:pPr><w:widowControl w:val="off"/><w:jc w:val="center"/></w:pPr><w:rPr><wx:font wx:val="Arial"/></w:rPr></w:style><w:style w:type="character" w:styleId="T1"><w:name w:val="T1"/><w:hidden/><w:rsid w:val="005B5547"/><w:rPr><w:i/><w:sz w:val="28"/></w:rPr></w:style><w:style w:type="character" w:styleId="T2"><w:name w:val="T2"/><w:hidden/><w:rsid w:val="005B5547"/><w:rPr><w:sz w:val="28"/></w:rPr></w:style><w:style w:type="character" w:styleId="a5"><w:name w:val="Hyperlink"/><wx:uiName wx:val="Гиперссылка"/><w:rsid w:val="006A55B0"/><w:rPr><w:color w:val="000080"/><w:u w:val="single"/></w:rPr></w:style><w:style w:type="character" w:styleId="a6"><w:name w:val="FollowedHyperlink"/><wx:uiName wx:val="Просмотренная гиперссылка"/><w:rsid w:val="006A55B0"/><w:rPr><w:color w:val="800000"/><w:u w:val="single"/></w:rPr></w:style><w:style w:type="character" w:styleId="a7"><w:name w:val="annotation reference"/><wx:uiName wx:val="Знак примечания"/><w:rsid w:val="007770B7"/><w:rPr><w:sz w:val="16"/><w:sz-cs w:val="16"/></w:rPr></w:style><w:style w:type="paragraph" w:styleId="a8"><w:name w:val="annotation text"/><wx:uiName wx:val="Текст примечания"/><w:rsid w:val="007770B7"/><w:rPr><wx:font wx:val="Times New Roman"/><w:lang w:val="RU" w:fareast="RU" w:bidi="AR-SA"/></w:rPr></w:style><w:style w:type="paragraph" w:styleId="a9"><w:name w:val="annotation subject"/><wx:uiName wx:val="Тема примечания"/><w:basedOn w:val="a8"/><w:next w:val="a8"/><w:rsid w:val="007770B7"/><w:rPr><wx:font wx:val="Times New Roman"/><w:b/><w:b-cs/></w:rPr></w:style></w:styles><w:shapeDefaults><o:shapedefaults v:ext="edit" spidmax="2050"/><o:shapelayout v:ext="edit"><o:idmap v:ext="edit" data="1"/></o:shapelayout></w:shapeDefaults><w:docPr><w:view w:val="print"/><w:zoom w:percent="77"/><w:displayBackgroundShape/><w:proofState w:spelling="clean" w:grammar="clean"/><w:defaultTabStop w:val="708"/><w:characterSpacingControl w:val="DontCompress"/><w:validateAgainstSchema/><w:saveInvalidXML w:val="off"/><w:ignoreMixedContent w:val="off"/><w:alwaysShowPlaceholderText w:val="off"/><w:compat><w:breakWrappedTables/></w:compat><wsp:rsids><wsp:rsidRoot wsp:val="005B5547"/><wsp:rsid wsp:val="003C747B"/><wsp:rsid wsp:val="005B5547"/><wsp:rsid wsp:val="00683F89"/></wsp:rsids></w:docPr><w:body><w:p wsp:rsidR="005B5547" wsp:rsidRDefault="00683F89"><w:pPr><w:pStyle w:val="P4"/></w:pPr><w:r><w:rPr><w:rStyle w:val="T1"/></w:rPr><w:t>Отзыв о работе компании «</w:t></w:r><w:proofErr w:type="spellStart"/><w:r><w:rPr><w:rStyle w:val="T1"/></w:rPr><w:t>Смирнов-Бэттериз</w:t></w:r><w:proofErr w:type="spellEnd"/><w:r><w:rPr><w:rStyle w:val="T1"/></w:rPr><w:t>»</w:t></w:r></w:p><w:p wsp:rsidR="005B5547" wsp:rsidRDefault="00683F89"><w:pPr><w:pStyle w:val="P1"/></w:pPr><w:r><w:rPr><w:rStyle w:val="T1"/></w:rPr><w:t>от ИП </w:t></w:r><w:proofErr w:type="spellStart"/><w:r><w:rPr><w:rStyle w:val="T1"/></w:rPr><w:t>Овчинникова</w:t></w:r><w:proofErr w:type="spellEnd"/><w:r><w:rPr><w:rStyle w:val="T1"/></w:rPr><w:t> Олега Владимировича</w:t></w:r></w:p><w:p wsp:rsidR="005B5547" wsp:rsidRDefault="005B5547"><w:pPr><w:pStyle w:val="P2"/></w:pPr></w:p><w:p wsp:rsidR="005B5547" wsp:rsidRDefault="00683F89" wsp:rsidP="003C747B"><w:pPr><w:pStyle w:val="P3"/><w:jc w:val="left"/></w:pPr><w:r><w:rPr><w:rStyle w:val="T2"/></w:rPr><w:t>Работаю с вашей компанией совсем недавно, около полугода. За это время претензий не было. Товар привозят в срок, все быстро и оперативно. Очень удобно, что оплачивать можно как наличными, так и </w:t></w:r><w:proofErr w:type="spellStart"/><w:r><w:rPr><w:rStyle w:val="T2"/></w:rPr><w:t>безналично</w:t></w:r><w:proofErr w:type="spellEnd"/><w:r><w:rPr><w:rStyle w:val="T2"/></w:rPr><w:t>. Мальцева Екатерина и Сергеев Владимир всегда расск</w:t></w:r><w:r><w:rPr><w:rStyle w:val="T2"/></w:rPr><w:t>азывают о новинках, быстро откликаются на все просьбы, в непонятных ситуациях всегда подскажут и расскажут. Также нравится, что есть возможность работать </w:t></w:r><w:proofErr w:type="spellStart"/><w:r><w:rPr><w:rStyle w:val="T2"/></w:rPr><w:t>оффлайн</w:t></w:r><w:proofErr w:type="spellEnd"/><w:r><w:rPr><w:rStyle w:val="T2"/></w:rPr><w:t>. Всегда можно посмотреть наличие на складе (правда, не всегда оно корректно), узнать цену, не </w:t></w:r><w:r><w:rPr><w:rStyle w:val="T2"/></w:rPr><w:t>дожидаясь </w:t></w:r><w:proofErr w:type="gramStart"/><w:r><w:rPr><w:rStyle w:val="T2"/></w:rPr><w:t>никаких</w:t></w:r><w:proofErr w:type="gramEnd"/><w:r><w:rPr><w:rStyle w:val="T2"/></w:rPr><w:t> </w:t></w:r><w:proofErr w:type="spellStart"/><w:r><w:rPr><w:rStyle w:val="T2"/></w:rPr><w:t>прайсов</w:t></w:r><w:proofErr w:type="spellEnd"/><w:r><w:rPr><w:rStyle w:val="T2"/></w:rPr><w:t>. </w:t></w:r></w:p><w:p wsp:rsidR="005B5547" wsp:rsidRDefault="00683F89" wsp:rsidP="003C747B"><w:pPr><w:pStyle w:val="P3"/><w:jc w:val="left"/></w:pPr><w:r><w:rPr><w:rStyle w:val="T2"/></w:rPr><w:t>Все вышеизложенное позволяет оперативно работать под заказ, что очень замечательно, особенно в сегодняшней непонятной ситуации в стране.</w:t></w:r></w:p><w:sectPr wsp:rsidR="005B5547" wsp:rsidSect="005B5547"><w:pgSz w:w="11907" w:h="16839"/><w:pgMar w:top="1134" w:right="849" w:bottom="1134" w:left="1701" w:header="720" w:footer="720" w:gutter="0"/><w:cols w:space="720"/></w:sectPr></w:body></w:wordDocument>